Timecode,BlendshapeCount,EyeBlinkLeft,EyeLookDownLeft,EyeLookInLeft,EyeLookOutLeft,EyeLookUpLeft,EyeSquintLeft,EyeWideLeft,EyeBlinkRight,EyeLookDownRight,EyeLookInRight,EyeLookOutRight,EyeLookUpRight,EyeSquintRight,EyeWideRight,JawForward,JawRight,JawLeft,JawOpen,MouthClose,MouthFunnel,MouthPucker,MouthRight,MouthLeft,MouthSmileLeft,MouthSmileRight,MouthFrownLeft,MouthFrownRight,MouthDimpleLeft,MouthDimpleRight,MouthStretchLeft,MouthStretchRight,MouthRollLower,MouthRollUpper,MouthShrugLower,MouthShrugUpper,MouthPressLeft,MouthPressRight,MouthLowerDownLeft,MouthLowerDownRight,MouthUpperUpLeft,MouthUpperUpRight,BrowDownLeft,BrowDownRight,BrowInnerUp,BrowOuterUpLeft,BrowOuterUpRight,CheekPuff,CheekSquintLeft,CheekSquintRight,NoseSneerLeft,NoseSneerRight,TongueOut,HeadYaw,HeadPitch,HeadRoll,LeftEyeYaw,LeftEyePitch,LeftEyeRoll,RightEyeYaw,RightEyePitch,RightEyeRoll
23:20:04:15.597,61,0.9367035627,0.3257817626,0.0933056995,0.0000000000,0.0000000000,0.0459367000,0.0000000000,0.9367583394,0.3262236714,0.0273466427,0.0000000000,0.0000000000,0.0459379405,0.0000000000,0.2537860274,0.0000000000,0.0409444012,0.5002329350,0.0925247446,0.1768866330,0.0827327445,0.0079696747,0.0000000000,0.0500497669,0.0557092167,0.0000000000,0.0000000000,0.0599127784,0.0589727983,0.3266712427,0.3405594826,0.0278266072,0.0186329912,0.0650422126,0.0563736595,0.0467343032,0.0421159826,0.4288548231,0.4115161896,0.2848537862,0.2694874108,0.1161049157,0.1160235256,0.1712118536,0.0000000000,0.0000000000,0.0142142633,0.1009407863,0.1018235534,0.2582024634,0.2790469527,0.0000008237,0.0063710730,0.1974526197,0.0186824016,-0.0163744837,0.1993058175,-0.0033072797,0.0558710769,0.1993239522,0.0112799611
23:20:04:16.597,61,0.9460778236,0.3377711475,0.0921395421,0.0000000000,0.0000000000,0.0346908160,0.0000000000,0.9461129904,0.3382144868,0.0278854333,0.0000000000,0.0000000000,0.0346908309,0.0000000000,0.2245645523,0.0000000000,0.0433336757,0.4708480835,0.0881818235,0.1774242818,0.0825594217,0.0075126039,0.0000000000,0.0553254485,0.0611440316,0.0000000000,0.0000000000,0.0624202006,0.0617897585,0.2992896140,0.3224675655,0.0277642384,0.0184608661,0.0682711601,0.0572656356,0.0526433550,0.0479297303,0.3805587590,0.3714436591,0.3194635808,0.3191859424,0.1541155428,0.1540696025,0.1825515479,0.0000000000,0.0000000000,0.0143115725,0.1010106206,0.1023551151,0.3246574998,0.3488738239,0.0000004561,0.0049167015,0.2047300488,0.0209142324,-0.0166719463,0.2066326141,-0.0034946739,0.0550897568,0.2066507190,0.0115428548
23:20:04:17.597,61,0.9504037499,0.3274191618,0.0927882940,0.0000000000,0.0000000000,0.0295695867,0.0000000000,0.9504423141,0.3278611302,0.0263334718,0.0000000000,0.0000000000,0.0295689926,0.0000000000,0.2037741095,0.0000000000,0.0444466174,0.4174241126,0.0824297518,0.1754059345,0.0820444003,0.0067017367,0.0000000000,0.0591242574,0.0656188652,0.0000000000,0.0000000000,0.0637296066,0.0632328987,0.2800794542,0.2959760427,0.0279464964,0.0182806738,0.0758069307,0.0617001392,0.0640568435,0.0604596734,0.3666192293,0.3592893183,0.3276292086,0.3271710277,0.2786984146,0.2786898017,0.1872025281,0.0000000000,0.0000000000,0.0143627878,0.1143472344,0.1296319664,0.3455494344,0.3711960316,0.0000004377,0.0052326652,0.2103195637,0.0200317819,-0.0157646313,0.2003041953,-0.0032004984,0.0555500202,0.2003222108,0.0112729045
23:20:04:18.597,61,0.9526977539,0.3229259849,0.0883380026,0.0000000000,0.0000000000,0.0272060800,0.0000000000,0.9527364969,0.3232997954,0.0306989048,0.0000000000,0.0000000000,0.0272052046,0.0000000000,0.1446121037,0.0000000000,0.0449316725,0.3565540016,0.0771537647,0.1517197788,0.0806320682,0.0058398289,0.0000000000,0.0593595020,0.0655754507,0.0000000000,0.0000000000,0.0646219701,0.0642513931,0.2353847325,0.2491014451,0.0285544377,0.0181642007,0.0894789621,0.0718056709,0.0726947337,0.0691390634,0.2916264534,0.2852483392,0.2898769081,0.2856800854,0.4305782914,0.4305827916,0.1765841693,0.0000000000,0.0000000000,0.0142841311,0.1490674615,0.1599428654,0.3437469602,0.3645856082,0.0000001812,0.0026522325,0.2111645192,0.0195987206,-0.0183883291,0.1975264698,-0.0036799454,0.0529151000,0.1975444108,0.0105858753
23:20:04:19.597,61,0.9522857070,0.3230962157,0.0714485273,0.0000000000,0.0000000000,0.0322891586,0.0000000000,0.9523029923,0.3232367933,0.0470699705,0.0000000000,0.0000000000,0.0322885104,0.0000000000,0.0992415696,0.0000000000,0.0449187681,0.2421779335,0.0748633072,0.1410133690,0.0799700543,0.0049521062,0.0000000000,0.0600969493,0.0657643750,0.0000000000,0.0000000000,0.0650846735,0.0648705661,0.1815749258,0.2005066574,0.0380306244,0.0182134435,0.1347368509,0.1005961522,0.0923005939,0.0872995481,0.1947667748,0.1935638189,0.2498261780,0.2457353473,0.5722281337,0.5722426176,0.1661352813,0.0000000000,0.0000000000,0.0143246986,0.2245235294,0.2385258824,0.3458371460,0.3607914448,0.0000002224,-0.0027903044,0.2056603730,0.0219371058,-0.0281945579,0.1975336671,-0.0056421543,0.0427975617,0.1975515187,0.0085636303
23:20:04:20.597,61,0.9387747645,0.2869587243,0.0470319651,0.0000000000,0.0000000000,0.0714727119,0.0000000000,0.9386965036,0.2867886126,0.0700092837,0.0000000000,0.0000000000,0.0714712664,0.0000000000,0.0527698956,0.0000000000,0.0272218101,0.0887027606,0.0739244819,0.0632858202,0.0793742090,0.0041186037,0.0000000000,0.0385365933,0.0239684321,0.0000000000,0.0000000000,0.0601126403,0.0615099519,0.1266832799,0.1358945817,0.0681464672,0.0181525629,0.2382042706,0.1686302722,0.1573724896,0.1518199742,0.0704085305,0.0711999610,0.1116049290,0.1108129546,0.7181563973,0.7181782126,0.1497453004,0.0000000000,0.0000000000,0.0147550879,0.3150895536,0.3345620036,0.3473994732,0.3600407839,0.0000002149,-0.0137430737,0.1828766018,0.0269797985,-0.0421112515,0.1753462553,-0.0074583273,0.0282898024,0.1753640175,0.0050117909
23:20:04:21.598,61,0.9334493279,0.1895717978,0.0043410361,0.0000000000,0.0000000000,0.1779779792,0.0000000000,0.9332392812,0.1891282052,0.1089645848,0.0000000000,0.0000000000,0.1779277921,0.0000000000,0.0362073109,0.0000000000,0.0192747507,0.0395310894,0.0336581804,0.0317760110,0.0787380040,0.0031408316,0.0000000000,0.0066859070,0.0000000000,0.0000000000,0.0077317934,0.0528215207,0.0547425300,0.0637535080,0.0704135820,0.0770349056,0.0180956014,0.4166717231,0.3385253251,0.3753826022,0.3570842147,0.0275702197,0.0298193749,0.0572560318,0.0564549081,0.8481225967,0.8481416702,0.1099288166,0.0000000000,0.0000000000,0.0207883213,0.4238902628,0.4402332902,0.4252873957,0.4192852676,0.0000014457,-0.0218396578,0.1378545016,0.0355339311,-0.0661183000,0.1157859862,-0.0076842154,0.0026340275,0.1158032194,0.0003063994
23:20:04:22.597,61,0.9287585616,0.1574254632,0.0000000000,0.0773337707,0.0000000000,0.2856797874,0.0000000000,0.9284185171,0.1565552950,0.1867058575,0.0000000000,0.0000000000,0.2854890525,0.0000000000,0.0276240595,0.0000000000,0.0131211840,0.0164737590,0.0231163222,0.0183071923,0.0894892812,0.0027721904,0.0000000000,0.0000000000,0.0000000000,0.0032024314,0.0198893920,0.0481728092,0.0490550026,0.0489688255,0.0513335094,0.0804779008,0.0178290214,0.4777225852,0.4061400592,0.4304197431,0.4108601809,0.0063583567,0.0092143351,0.0338798985,0.0328297354,0.8949159384,0.8949348330,0.0817366987,0.0000000000,0.0000000000,0.0267504435,0.4582343996,0.4743643999,0.4770798087,0.4346877933,0.0000026006,-0.0406655036,0.0836963058,0.0497570634,-0.1135287136,0.0962557420,-0.0109376963,-0.0470220819,0.0962724984,-0.0045392672
23:20:04:23.598,61,0.9205486178,0.1633473635,0.0000000000,0.1669895202,0.0000000000,0.3779734671,0.0000000000,0.9199685454,0.1618844420,0.2742651105,0.0000000000,0.0000000000,0.3777514100,0.0000000000,0.0231119040,0.0000000000,0.0102302097,0.0110486429,0.0177978855,0.0117117073,0.0924944803,0.0024176512,0.0000000000,0.0127082253,0.0000000000,0.0000000000,0.0129621094,0.0468919389,0.0474684201,0.0475163609,0.0482559279,0.0821683407,0.0177735183,0.5123476386,0.4379526973,0.4958937466,0.4745208025,0.0000000000,0.0034690674,0.0278871041,0.0251404829,0.9193094373,0.9193280935,0.0687437803,0.0000000000,0.0000000000,0.0325163305,0.4768215716,0.4960052967,0.5292276740,0.4483626783,0.0000036278,-0.0831345245,0.0371745676,0.0525441431,-0.1667128205,0.1002845615,-0.0166958440,-0.1014989465,0.1003011689,-0.0101968572
23:20:04:24.598,61,0.9123114347,0.1788079292,0.0000000000,0.1992523819,0.0000000000,0.4526127875,0.0000000000,0.9115148187,0.1770133823,0.3048622310,0.0000000000,0.0000000000,0.4524390996,0.0000000000,0.0210564043,0.0000000000,0.0080467537,0.0111381905,0.0152318971,0.0115333144,0.1508000493,0.0019317667,0.0000000000,0.0198651664,0.0000000000,0.0000000000,0.0018291455,0.0471377783,0.0471273363,0.0524592772,0.0505714454,0.0837852135,0.0178618152,0.6224372983,0.5433140993,0.5965901613,0.5771985054,0.0000000000,0.0039306507,0.0311375242,0.0282070301,0.9323476553,0.9323657751,0.0619820394,0.0000000000,0.0000000000,0.0427542478,0.5444180965,0.5815474391,0.6110352874,0.5308327675,0.0000037295,-0.1319400370,-0.0066201570,0.0453282036,-0.1851294190,0.1100187078,-0.0203308612,-0.1209874451,0.1100351363,-0.0133334845
23:20:04:25.598,61,0.9094505906,0.1471118182,0.0000000000,0.1811341345,0.0000000000,0.4864611626,0.0000000000,0.9085785747,0.1457242221,0.2872862816,0.0000000000,0.0000000000,0.4863756597,0.0000000000,0.0202365164,0.0000000000,0.0006577293,0.0152974240,0.0142634343,0.0138220005,0.1833948046,0.0011926577,0.0000000000,0.0436993204,0.0649784058,0.0000000000,0.0000000000,0.0545200594,0.0540738925,0.0651304498,0.0579888485,0.0855253637,0.0178815145,0.7206920385,0.6425218582,0.6377983689,0.6304143071,0.0006423745,0.0050861742,0.0376235917,0.0371218324,0.9385934472,0.9386125803,0.0583593622,0.0000000000,0.0000000000,0.0598518960,0.5825469494,0.6582368016,0.6366628408,0.5599398017,0.0000028507,-0.1506009549,-0.0264497045,0.0450152755,-0.1747911870,0.0903989896,-0.0157622658,-0.1102002636,0.0904154405,-0.0099705057
23:20:04:26.598,61,0.9153324962,0.1593017429,0.0000000000,0.1532499790,0.0000000000,0.5285425782,0.0000000000,0.9149141908,0.1579836458,0.2591247559,0.0000000000,0.0000000000,0.5285158157,0.0000000000,0.0202062801,0.0017247959,0.0000000000,0.0167135205,0.0139608420,0.0186278578,0.3856855631,0.0000000000,0.0051788474,0.0541462824,0.0617693216,0.0000000000,0.0000000000,0.0565324165,0.0560489893,0.0690814480,0.0695447922,0.1136211082,0.0177237615,0.7612389326,0.6958988905,0.6567881703,0.6366735697,0.0015880793,0.0063862703,0.0432133526,0.0417013355,0.9482194185,0.9482311606,0.0561426170,0.0000000000,0.0000000000,0.0807086900,0.6719139218,0.7034278512,0.6691567302,0.6182554960,0.0000016786,-0.1597061306,-0.0446268022,0.0480052754,-0.1575476080,0.0977208018,-0.0153798442,-0.0931709111,0.0977371633,-0.0091219032
23:20:04:27.598,61,0.9175319076,0.0797754154,0.0000000000,0.0717131197,0.0000000000,0.5800687075,0.0000000000,0.9173371196,0.0793469325,0.1793907881,0.0000000000,0.0000000000,0.5800371170,0.0000000000,0.0289369766,0.0033112210,0.0000000000,0.0244465824,0.0162909161,0.0198072959,0.1837980896,0.0000000000,0.0114005040,0.0707045645,0.0773157179,0.0000000000,0.0000000000,0.0581750683,0.0597524345,0.0740908608,0.0806772113,0.1355761439,0.0202796347,0.6895955801,0.6086505651,0.6106318235,0.5895716548,0.0054860199,0.0100389253,0.0452706851,0.0438848920,0.9523545504,0.9523658156,0.0580287874,0.0000000000,0.0000000000,0.0707723200,0.6993905902,0.7411611676,0.6959162354,0.7092337608,0.0000015875,-0.1519991755,-0.0587483086,0.0478620902,-0.1094543710,0.0487623103,-0.0053307735,-0.0437550172,0.0487787612,-0.0021353250
23:20:04:28.599,61,0.9122889638,0.0190303121,0.0000000000,0.0293217916,0.0000000000,0.5196022987,0.0000000000,0.9120654464,0.0189355873,0.1407323480,0.0000000000,0.0000000000,0.5197548866,0.0000000000,0.0310442671,0.0039062616,0.0000000000,0.0367654897,0.0473616049,0.0282924492,0.0746552125,0.0000000000,0.0181078259,0.1469616592,0.1423051208,0.0000000000,0.0000000000,0.0585502051,0.0609059595,0.0761893764,0.0866982192,0.0808689371,0.0211091265,0.3095462322,0.2494163364,0.2600782514,0.2446037531,0.0623051971,0.0721472576,0.0742838830,0.0800159201,0.8924979568,0.8925699592,0.0688859671,0.0000000000,0.0000000000,0.0318934508,0.4554586411,0.5298376083,0.4496912360,0.4485802650,0.0000057381,-0.1083246246,-0.0940857455,0.0416548923,-0.0859627426,0.0116099641,-0.0009968402,-0.0179104526,0.0116268219,-0.0002082399
23:20:04:29.599,61,0.9117262363,0.0142089408,0.0000000000,0.0080992682,0.0000000000,0.4773886800,0.0000000000,0.9115583897,0.0141443629,0.1188604757,0.0000000000,0.0000000000,0.4775801003,0.0000000000,0.0412381068,0.0000000000,0.0064877495,0.0883589759,0.0558397323,0.0432336442,0.0365295447,0.0000000000,0.0249702428,0.1849559247,0.1635793746,0.0000000000,0.0000000000,0.0672947764,0.0746764988,0.1552804410,0.1910537332,0.0683566928,0.0219758991,0.1836910695,0.1465538442,0.1784199625,0.1635817587,0.1428708434,0.1642653793,0.1040724218,0.1060822010,0.8600714803,0.8600995541,0.0740073547,0.0000000000,0.0000000000,0.0213569179,0.5533048511,0.5829725266,0.4171311259,0.4054046571,0.0000053106,-0.0526309311,-0.0755896494,-0.0205948353,-0.0726050064,0.0086631244,-0.0006284494,-0.0049473760,0.0086798556,-0.0000429434
23:20:05:00.599,61,0.8942399025,0.0000000000,0.0106444787,0.0000000000,0.0652330443,0.5877342820,0.0000000000,0.8959144354,0.0000000000,0.1038513482,0.0000000000,0.0651424676,0.5870522857,0.0000000000,0.0979271159,0.0000000000,0.1410636455,0.2187323123,0.0949923322,0.0711226687,0.0486458093,0.0000000000,0.0715113357,0.1996521354,0.1875684857,0.0000000000,0.0000000000,0.0958865508,0.1007327437,0.2311798334,0.3259943426,0.0625618100,0.0473381877,0.1951795667,0.1664717644,0.1792547256,0.1744765490,0.2834975123,0.3151259422,0.1619516164,0.1819289029,0.8522557616,0.8524523377,0.0783951804,0.0000000000,0.0000000000,0.0162397120,0.6259229779,0.6385260224,0.5140426159,0.5331530571,0.0000052948,-0.0743304864,-0.0075941291,-0.0831962451,-0.0634135157,-0.0284810252,0.0018053581,0.0064997082,-0.0284638871,-0.0001850556
23:20:05:01.599,61,0.8991644979,0.0235046204,0.0251322500,0.0000000000,0.0000000000,0.6123062372,0.0000000000,0.8994400501,0.0234455559,0.0879521221,0.0000000000,0.0000000000,0.6114494205,0.0000000000,0.0864529237,0.0000000000,0.0391448811,0.1672215760,0.0722444430,0.0719955862,0.0462739319,0.0000000000,0.0433231778,0.2518159449,0.2406882793,0.0000000000,0.0000000000,0.1237628385,0.1411173940,0.1697304100,0.2206656635,0.0598300360,0.0542366281,0.1874353588,0.1636786461,0.2469286919,0.2310670316,0.2290340215,0.2497025132,0.1778297275,0.1861061901,0.8880082369,0.8881366849,0.0800556168,0.0000000000,0.0000000000,0.0138598150,0.6468867064,0.6524298787,0.5420432687,0.5597694516,0.0000142967,-0.1022475138,-0.0247836728,-0.0762270242,-0.0537213869,0.0143427709,-0.0007701956,0.0153508354,0.0143598476,0.0002204422
23:20:05:02.599,61,0.8995116353,0.1304923445,0.0231568217,0.0000000000,0.0000000000,0.5646542907,0.0000000000,0.8995300531,0.1302612424,0.0941622630,0.0000000000,0.0000000000,0.5647546649,0.0000000000,0.0806114376,0.0000000000,0.0220366418,0.1197772622,0.0435085036,0.0623907857,0.0415313244,0.0000000000,0.0394236557,0.4011590481,0.4230579734,0.0000000000,0.0000000000,0.1283693910,0.1504582018,0.1564987451,0.1880479008,0.0578659028,0.0503184050,0.1326817870,0.1338791549,0.1545738727,0.1457553059,0.3187639415,0.3634711504,0.2556095719,0.2825751305,0.8960228562,0.8961401582,0.0804603547,0.0000000000,0.0000000000,0.0126259346,0.5202579498,0.5710965991,0.3772438169,0.3865292668,0.0000103108,-0.1094389334,-0.0484800376,-0.0932406187,-0.0573382489,0.0797033310,-0.0045772106,0.0141007761,0.0797211900,0.0011264803
23:20:05:03.599,61,0.9070074558,0.1096104756,0.0435310714,0.0000000000,0.0000000000,0.5068882704,0.0000000000,0.9068492055,0.1095164269,0.0714519322,0.0000000000,0.0000000000,0.5072266459,0.0000000000,0.0328516960,0.0000000000,0.0131322546,0.0647905245,0.0350449160,0.0364845544,0.0393663347,0.0000000000,0.0346868150,0.3521760702,0.3575015962,0.0000000000,0.0000000000,0.1317060292,0.1539328992,0.1059026942,0.1209595203,0.0568424128,0.0447366126,0.2191810459,0.1878131926,0.2137459815,0.2085471600,0.1558787972,0.1694526821,0.1597671956,0.1769639254,0.9095661640,0.9096076488,0.0803556070,0.0000000000,0.0000000000,0.0120438766,0.4901581705,0.5491664410,0.3921473026,0.4151136577,0.0000103585,-0.1140860692,-0.0446944311,-0.0847391412,-0.0435498022,0.0669633672,-0.0029196769,0.0265320204,0.0669808388,0.0017795889
23:20:05:04.599,61,0.9141252041,0.1592990756,0.0564115569,0.0000000000,0.0000000000,0.3993607163,0.0000000000,0.9140266180,0.1592534035,0.0611391105,0.0000000000,0.0000000000,0.3996416032,0.0000000000,0.0363988131,0.0000000000,0.0214282088,0.1142817438,0.0303790271,0.0391811244,0.0379030481,0.0000000000,0.0291991867,0.3600625694,0.3786729276,0.0000000000,0.0000000000,0.1013791487,0.1057917476,0.0914325267,0.1001808122,0.0544681028,0.0403883792,0.1203288957,0.1183553189,0.1305102557,0.1282668710,0.3296914399,0.3472357690,0.2781931162,0.3040080369,0.8861401677,0.8861516118,0.0805651397,0.0000000000,0.0000000000,0.0116318157,0.4010069966,0.4466002882,0.2831631601,0.3112593293,0.0000107197,-0.0955067202,-0.0744207427,-0.0748343244,-0.0371710882,0.0973498225,-0.0036292218,0.0342967659,0.0973677263,0.0033493219
23:20:05:05.600,61,0.9133436680,0.2161960304,0.0656803846,0.0000000000,0.0000000000,0.2913038135,0.0000000000,0.9132543206,0.2162067592,0.0572564602,0.0000000000,0.0000000000,0.2914763093,0.0000000000,0.0615416020,0.0000000000,0.0356541462,0.1837016791,0.0281590614,0.0573373437,0.0368916094,0.0000000000,0.0178468190,0.3654548824,0.3838239908,0.0000000000,0.0000000000,0.0832587779,0.0884189531,0.0935124308,0.1010667235,0.0465381779,0.0361287296,0.0865005180,0.0881085694,0.0710235685,0.0675432608,0.4298687577,0.4386719167,0.2997050285,0.3111445904,0.6472672820,0.6472291350,0.0786406994,0.0000000000,0.0000000000,0.0112038665,0.2430358678,0.2791881561,0.1659675688,0.1883805692,0.0000033804,-0.0840123296,-0.0663951859,-0.0555357076,-0.0346712582,0.1321531087,-0.0046078190,0.0397722982,0.1321717799,0.0052861585
23:20:05:06.600,61,0.9101592302,0.1684522778,0.0965510458,0.0000000000,0.0000000000,0.2400320023,0.0000000000,0.9101377726,0.1686918586,0.0260603279,0.0000000000,0.0000000000,0.2400718778,0.0000000000,0.0719780326,0.0000000000,0.0431212895,0.2036106139,0.0272291601,0.0635422394,0.0360652357,0.0000000000,0.0109495828,0.3675160706,0.3847275376,0.0000000000,0.0000000000,0.0723033249,0.0756131187,0.1049883887,0.1074453220,0.0409508757,0.0341651104,0.0693716034,0.0708341375,0.0506869815,0.0473175645,0.4961726665,0.4787474871,0.2621132731,0.2653747499,0.3435254395,0.3441677392,0.0793123841,0.0000000000,0.0000000000,0.0108107598,0.1959859580,0.2328576297,0.1245140433,0.1447854936,0.0000031720,-0.0705617815,-0.0676165372,-0.0387687944,-0.0158348959,0.1030609608,-0.0016376923,0.0586673319,0.1030796170,0.0060653617
23:20:05:07.600,61,0.6652865410,0.3139190674,0.0864565521,0.0000000000,0.0000000000,0.2564525008,0.0000000000,0.6607489586,0.3142455220,0.0352490135,0.0000000000,0.0000000000,0.2563629448,0.0000000000,0.0763426572,0.0000000000,0.0466544032,0.1733539551,0.0284574535,0.0666964501,0.0354389921,0.0000000000,0.0070618140,0.3720563650,0.3875210583,0.0000000000,0.0000000000,0.0678313151,0.0704104006,0.1078268513,0.1089760438,0.0386879519,0.0332189985,0.0613316484,0.0630582497,0.0441634059,0.0412590392,0.4119013250,0.4078141451,0.1697641611,0.1750530303,0.1203866825,0.1209403127,0.0983744413,0.0000000000,0.0000000000,0.0105884271,0.1742648184,0.2072515190,0.0889398754,0.0909364000,0.0000035399,-0.0568167940,-0.0813624039,-0.0209621321,-0.0211368278,0.1920051277,-0.0041086692,0.0518443547,0.1920234859,0.0100746695
23:20:05:08.600,61,0.2697889209,0.2222744823,0.0802699775,0.0000000000,0.0000000000,0.2189786881,0.0000000000,0.2690918148,0.2224351615,0.0421983302,0.0000000000,0.0000000000,0.2188978493,0.0000000000,0.0743801147,0.0000000000,0.0453688689,0.1240170449,0.0436372980,0.0679958835,0.0349930450,0.0000000000,0.0039437013,0.3709901869,0.3846483827,0.0000000000,0.0000000000,0.0657571480,0.0679915026,0.1090466157,0.1095765755,0.0376011431,0.0336834975,0.0572845712,0.0574051403,0.0410115719,0.0389611125,0.3126870394,0.3008181751,0.0978216901,0.1025251970,0.0174886901,0.0176165625,0.1348615587,0.0000000000,0.0000000000,0.0105465390,0.1612398624,0.1780109704,0.0745596662,0.0739063323,0.0000032492,-0.0457081534,-0.0780261308,-0.0059729666,-0.0255398471,0.1359225363,-0.0034925840,0.0485824756,0.1359411478,0.0066426322
23:20:05:09.600,61,0.1544915140,0.2008127272,0.0973203033,0.0000000000,0.0000000000,0.1611600369,0.0000000000,0.1544896215,0.2011096776,0.0255588237,0.0000000000,0.0000000000,0.1611013114,0.0000000000,0.0570025556,0.0000000000,0.0448705964,0.1080089509,0.0513013676,0.0685614720,0.0351189710,0.0000000000,0.0021980661,0.2825946510,0.2970964015,0.0000000000,0.0000000000,0.0643808097,0.0664947554,0.1055224463,0.1089189351,0.0367393196,0.0339338556,0.0552931242,0.0533959307,0.0393330045,0.0375362150,0.2590249479,0.2524675131,0.0725999773,0.0771559551,0.0000000000,0.0000000000,0.1441475302,0.0425843149,0.0425605476,0.0106673772,0.0940344855,0.0972473919,0.0670412853,0.0655706152,0.0000005926,-0.0359093770,-0.0656503588,0.0014695458,-0.0154953189,0.1228657514,-0.0019134033,0.0590023398,0.1228844523,0.0072828317
23:20:05:10.600,61,0.1620124578,0.2045764923,0.1248243451,0.0000000000,0.0000000000,0.1215098351,0.0000000000,0.1620567292,0.2051356435,0.0000000000,0.0015579255,0.0000000000,0.1214653775,0.0000000000,0.0473573320,0.0000000000,0.0445458069,0.0967550352,0.0575851984,0.0687637255,0.0383448675,0.0000000000,0.0016342397,0.2587750852,0.2742471099,0.0000000000,0.0000000000,0.0628248677,0.0652644485,0.0988906845,0.1060426012,0.0361215882,0.0339398198,0.0556686632,0.0514958277,0.0386577360,0.0369797796,0.2097459435,0.2058878690,0.0599910170,0.0655332506,0.0000000000,0.0000000000,0.1453383416,0.0523804575,0.0523335859,0.0109144924,0.0813603923,0.0801034570,0.0649930239,0.0747165307,0.0000005349,-0.0183006804,-0.0482418388,0.0069964183,0.0009442203,0.1253103018,0.0001189437,0.0756550804,0.1253290474,0.0095223607
23:20:05:11.600,61,0.1645348221,0.2073142827,0.1285734028,0.0000000000,0.0000000000,0.1052085459,0.0000000000,0.1645086408,0.2079166323,0.0000000000,0.0055388128,0.0000000000,0.1051734388,0.0000000000,0.0432593040,0.0000000000,0.0434791893,0.0901146978,0.0751790181,0.0685691684,0.0471490771,0.0000000000,0.0014810245,0.2407892942,0.2515252531,0.0000000000,0.0000000000,0.0616169646,0.0640767217,0.0955976844,0.1047055647,0.0362442508,0.0341475792,0.0638154373,0.0504401885,0.0390122682,0.0371282026,0.1458747536,0.1415431648,0.0529615469,0.0586473271,0.0000000000,0.0000000000,0.1364270002,0.0486748591,0.0486507975,0.0114060510,0.0816963911,0.0768963024,0.0668087229,0.0787633061,0.0000003468,-0.0067776656,-0.0453615822,0.0072736531,0.0033562146,0.1270097792,0.0004285783,0.0779107735,0.1270285100,0.0099400766
23:20:05:12.600,61,0.2833402455,0.2608235180,0.1485434920,0.0000000000,0.0000000000,0.0982657298,0.0000000000,0.2832017541,0.2618186474,0.0000000000,0.0264938958,0.0000000000,0.0982241556,0.0000000000,0.0409651510,0.0000000000,0.0412337109,0.0803426057,0.0804822594,0.0664006174,0.0501311272,0.0000000000,0.0016815136,0.2054618597,0.2131034434,0.0000000000,0.0000000000,0.0608275570,0.0633243397,0.0924279988,0.1030160859,0.0419734493,0.0343621820,0.0817752257,0.0501391329,0.0436631441,0.0407567732,0.1190845892,0.1151801199,0.0474008881,0.0517769679,0.0000000000,0.0000000000,0.1242313012,0.0399089195,0.0399023592,0.0121689113,0.0800744593,0.0737091377,0.0678534657,0.0805362314,0.0000007012,0.0013348331,-0.0412319787,0.0055642226,0.0159776323,0.1599564999,0.0025776334,0.0895876512,0.1599750519,0.0144349830
23:20:05:13.601,61,0.5932244658,0.2440327406,0.1227553710,0.0000000000,0.0000000000,0.0703892931,0.0000000000,0.5927884579,0.2446800619,0.0000000000,0.0026025297,0.0000000000,0.0703629255,0.0000000000,0.0393256061,0.0000000000,0.0350053869,0.0642126799,0.0779113844,0.0615271777,0.0569225363,0.0000000000,0.0021542241,0.1942386627,0.2013229728,0.0000000000,0.0000000000,0.0602435768,0.0628032908,0.0884848014,0.0966335461,0.0439082645,0.0339583643,0.1086619869,0.0538946316,0.0704149678,0.0642891079,0.1050457209,0.1018196121,0.0497942269,0.0527615026,0.0000000000,0.0000000000,0.1205901131,0.0353020020,0.0352915227,0.0128774280,0.0836077780,0.0837199241,0.1267005950,0.1405922323,0.0000017183,0.0076434631,-0.0383801535,0.0035339291,0.0015720702,0.1494667679,0.0002367377,0.0741538107,0.1494850218,0.0111574996
23:20:05:14.601,61,0.9118053913,0.2366028279,0.1224481612,0.0000000000,0.0000000000,0.0589604601,0.0000000000,0.9117425680,0.2372268885,0.0000000000,0.0034718122,0.0000000000,0.0589448176,0.0000000000,0.0381489135,0.0000000000,0.0301728528,0.0565504730,0.0725439638,0.0581779890,0.0630631000,0.0000000000,0.0028395604,0.1882279217,0.1962335259,0.0000000000,0.0000000000,0.0599411093,0.0626154095,0.0858741030,0.0928838775,0.0452880822,0.0333480760,0.1308056414,0.0648944527,0.0822023153,0.0764314160,0.0933182612,0.0911408663,0.0502836145,0.0528249629,0.0000000000,0.0000000000,0.1168609038,0.0214906801,0.0212525241,0.0146949627,0.0857173204,0.0877851248,0.1416467130,0.1561365873,0.0000040727,0.0139643187,-0.0352486782,0.0028148515,0.0020985801,0.1449140161,0.0003062602,0.0740179792,0.1449320912,0.0107930489
23:20:05:15.601,61,0.8451238871,0.3244581819,0.1347521394,0.0000000000,0.0000000000,0.0754950866,0.0000000000,0.8446035981,0.3254891932,0.0000000000,0.0147819109,0.0000000000,0.0754860714,0.0000000000,0.0376738496,0.0000000000,0.0277928915,0.0533395037,0.0712625235,0.0567229502,0.0677994490,0.0000000000,0.0032128205,0.1850836575,0.1934628934,0.0000000000,0.0000000000,0.0598659106,0.0626655966,0.0846070722,0.0913922787,0.0503223352,0.0331949256,0.1387198865,0.0681908578,0.0880045444,0.0816350132,0.0882430226,0.0864703059,0.0495672002,0.0515630879,0.0000000000,0.0000000000,0.1039306968,0.0032620914,0.0031923642,0.0182620678,0.0879807174,0.0896917358,0.1207826436,0.1276813149,0.0000047182,0.0206945762,-0.0264019538,0.0022030377,0.0088518495,0.1988379806,0.0017836273,0.0807003155,0.1988560408,0.0162436031
23:20:05:16.601,61,0.5292923450,0.3978956342,0.1532770097,0.0000000000,0.0000000000,0.0882180184,0.0000000000,0.5281727314,0.3994745910,0.0000000000,0.0320014171,0.0000000000,0.0880597234,0.0000000000,0.0373162627,0.0000000000,0.0264212079,0.0517112501,0.0702998862,0.0557928979,0.0713278651,0.0000000000,0.0039180773,0.1643645614,0.1830002069,0.0000000000,0.0000000000,0.0596006215,0.0625509620,0.0835382938,0.0904476792,0.0522171855,0.0331324525,0.1428315490,0.0702934712,0.0908996612,0.0842853338,0.0838290080,0.0821535066,0.0460129678,0.0481025465,0.0108577758,0.0108532533,0.0946194082,0.0000000000,0.0000000000,0.0225968976,0.0883998945,0.0873250216,0.1103747636,0.1191728786,0.0000046859,0.0235888399,-0.0106443726,0.0030559187,0.0189693272,0.2440699786,0.0047237030,0.0908716619,0.2440880835,0.0225969683
23:20:05:17.601,61,0.3355681002,0.3707302511,0.1590179205,0.0000000000,0.0000000000,0.0845488533,0.0000000000,0.3354184628,0.3723043501,0.0000000000,0.0370513536,0.0000000000,0.0844405517,0.0000000000,0.0366826206,0.0000000000,0.0254634731,0.0505184941,0.0673826039,0.0524429679,0.0722265914,0.0000000000,0.0043966370,0.1461264938,0.1693475395,0.0000000000,0.0000000000,0.0574695282,0.0610823706,0.0812645629,0.0894081071,0.0528522618,0.0328183919,0.1395743042,0.0714093223,0.0890847296,0.0834701732,0.0754702911,0.0735166222,0.0426015072,0.0450462662,0.0154293561,0.0154088847,0.0899513960,0.0000000000,0.0000000000,0.0242023245,0.0729871914,0.0711047575,0.0948838592,0.1086792052,0.0000037435,0.0267447717,0.0040966580,0.0058893096,0.0220504720,0.2274840921,0.0051040291,0.0946506560,0.2275023460,0.0218764096
23:20:05:18.601,61,0.2576690614,0.3554088175,0.1643221676,0.0000000000,0.0000000000,0.0720705688,0.0000000000,0.2576528788,0.3570053577,0.0000000000,0.0422212780,0.0000000000,0.0720243081,0.0000000000,0.0338414833,0.0000000000,0.0241541155,0.0467118286,0.0547115356,0.0376286358,0.0686661005,0.0000000000,0.0046453881,0.1238403544,0.1399566382,0.0000000000,0.0000000000,0.0520161241,0.0554747544,0.0743654519,0.0828146860,0.0512605347,0.0317728221,0.1351874173,0.0721534267,0.0809063464,0.0767820776,0.0555877239,0.0546482205,0.0368941352,0.0390837677,0.0127827832,0.0127663463,0.0819488838,0.0000000000,0.0000000000,0.0249100402,0.0592270643,0.0575065762,0.0817611888,0.0929195434,0.0000014693,0.0336165056,0.0234465096,0.0106454669,0.0251804926,0.2181524485,0.0055813706,0.0980146155,0.2181708366,0.0216916203
23:20:05:19.602,61,0.2153011262,0.3398967683,0.1666113138,0.0000000000,0.0000000000,0.0601395778,0.0000000000,0.2153301835,0.3414617181,0.0000000000,0.0444322601,0.0000000000,0.0601221249,0.0000000000,0.0301817823,0.0000000000,0.0224139784,0.0421743207,0.0465085357,0.0294275675,0.0621605255,0.0000000000,0.0050314208,0.1160812005,0.1313242316,0.0000000000,0.0000000000,0.0486328825,0.0521551892,0.0653879419,0.0727725774,0.0474908389,0.0306902658,0.1250530183,0.0723522455,0.0731618255,0.0700694844,0.0460547321,0.0452091396,0.0320029818,0.0341849551,0.0101998588,0.0101886736,0.0737054572,0.0000000000,0.0000000000,0.0250630230,0.0499398336,0.0487789512,0.0731274188,0.0842305422,0.0000010736,0.0398834273,0.0395121947,0.0156098520,0.0265536625,0.2086617500,0.0056218533,0.0995837525,0.2086801678,0.0210502129
23:20:05:20.602,61,0.1944853961,0.3405897617,0.1635692120,0.0000000000,0.0000000000,0.0516784079,0.0000000000,0.1945457757,0.3421118259,0.0000000000,0.0413041227,0.0000000000,0.0516731627,0.0000000000,0.0281308535,0.0000000000,0.0215420704,0.0396251269,0.0427095219,0.0256514158,0.0592188798,0.0000000000,0.0053437604,0.1120586395,0.1269537359,0.0000000000,0.0000000000,0.0468261801,0.0503393672,0.0619651265,0.0692415386,0.0455028340,0.0298788548,0.1207295507,0.0723238960,0.0700511634,0.0672245920,0.0416361168,0.0408645421,0.0294725038,0.0316045806,0.0072727562,0.0072661471,0.0701532438,0.0000000000,0.0000000000,0.0250610597,0.0454003289,0.0443680808,0.0692622364,0.0802715942,0.0000013738,0.0453128591,0.0476334989,0.0197193138,0.0246821642,0.2090488523,0.0052356999,0.0977570117,0.2090673000,0.0207048915
23:20:05:21.602,61,0.2391881049,0.3705640137,0.1620312631,0.0000000000,0.0000000000,0.0456833392,0.0000000000,0.2391985208,0.3721894324,0.0000000000,0.0395715944,0.0000000000,0.0456825271,0.0000000000,0.0269594807,0.0000000000,0.0208261963,0.0381766632,0.0406443700,0.0235581789,0.0561223403,0.0000000000,0.0055957306,0.1104565412,0.1258832663,0.0000000000,0.0000000000,0.0457932986,0.0493485183,0.0601835921,0.0674754307,0.0444743149,0.0291758180,0.1187619939,0.0724128559,0.0683193877,0.0656189844,0.0393970050,0.0386301167,0.0281322729,0.0302602723,0.0051856022,0.0051817610,0.0683158636,0.0000000000,0.0000000000,0.0249062721,0.0429859310,0.0420104489,0.0674928650,0.0785195306,0.0000016317,0.0493265502,0.0587991439,0.0214862730,0.0235507172,0.2274217755,0.0054496769,0.0964462310,0.2274401635,0.0222836994
23:20:05:22.602,61,0.2463933975,0.3679165542,0.1645978391,0.0000000000,0.0000000000,0.0419514254,0.0000000000,0.2463945299,0.3695722520,0.0000000000,0.0422754586,0.0000000000,0.0419517979,0.0000000000,0.0261081196,0.0000000000,0.0201495215,0.0370899178,0.0392995849,0.0222854950,0.0541227423,0.0000000000,0.0059196260,0.1096864492,0.1255163997,0.0000000000,0.0000000000,0.0451881029,0.0488116965,0.0591736659,0.0665432513,0.0437369458,0.0285417940,0.1178560406,0.0726071969,0.0673768893,0.0647154897,0.0381466486,0.0373727046,0.0272529498,0.0293943565,0.0044673053,0.0044644875,0.0670896918,0.0000000000,0.0000000000,0.0247269422,0.0414830521,0.0405313000,0.0665254518,0.0776071399,0.0000018011,0.0510698818,0.0652514920,0.0208332520,0.0251691621,0.2258316129,0.0057819579,0.0980101451,0.2258500010,0.0224799756
23:20:05:23.602,61,0.2185958028,0.3688774407,0.1668201387,0.0000000000,0.0000000000,0.0385271572,0.0000000000,0.2185920328,0.3705743551,0.0000000000,0.0443949364,0.0000000000,0.0385275260,0.0000000000,0.0245397314,0.0000000000,0.0180176869,0.0341607593,0.0363153927,0.0211092625,0.0528763346,0.0000000000,0.0061056078,0.1080343649,0.1248278171,0.0000000000,0.0000000000,0.0436310247,0.0471378379,0.0565987527,0.0633065403,0.0410916880,0.0273049474,0.1171437427,0.0727437586,0.0664407685,0.0638065413,0.0356520265,0.0348704271,0.0263931304,0.0285212360,0.0039031091,0.0038997047,0.0638218150,0.0000000000,0.0000000000,0.0244399924,0.0394491330,0.0385848768,0.0656548217,0.0767176598,0.0000014130,0.0529979654,0.0701716691,0.0201966465,0.0264272783,0.2264514714,0.0060881507,0.0993198007,0.2264698744,0.0228439625
23:20:05:24.602,61,0.2115419060,0.3611272573,0.1652760804,0.0000000000,0.0000000000,0.0360634923,0.0000000000,0.2115460187,0.3627650738,0.0000000000,0.0429046564,0.0000000000,0.0360635519,0.0000000000,0.0231334083,0.0000000000,0.0170347895,0.0319289230,0.0345607959,0.0202422719,0.0518941544,0.0000000000,0.0062810429,0.0845739543,0.1123785377,0.0000000000,0.0000000000,0.0368385054,0.0392275602,0.0544914939,0.0605791248,0.0374328643,0.0255351290,0.1129991412,0.0724348053,0.0620002337,0.0599410571,0.0330786258,0.0322758704,0.0255758408,0.0276575703,0.0027673366,0.0027639000,0.0596214384,0.0000000000,0.0000000000,0.0241217408,0.0374162272,0.0368390009,0.0636975318,0.0746256113,0.0000009555,0.0548166484,0.0772176981,0.0202400740,0.0255679358,0.2216742337,0.0057617598,0.0985067040,0.2216926664,0.0221636333
23:20:05:25.602,61,0.2080515772,0.3632710576,0.1632277817,0.0000000000,0.0000000000,0.0338700600,0.0000000000,0.2080572546,0.3648854494,0.0000000000,0.0407597497,0.0000000000,0.0338697955,0.0000000000,0.0221485887,0.0000000000,0.0163619071,0.0306623839,0.0334618017,0.0195597745,0.0511436164,0.0000000000,0.0062853517,0.0788042173,0.1088617295,0.0000000000,0.0000000000,0.0340516008,0.0361647308,0.0532530881,0.0591439418,0.0354740433,0.0244573038,0.1102859974,0.0719526857,0.0596592389,0.0576453730,0.0317386016,0.0309169162,0.0248746388,0.0269193631,0.0010869070,0.0010777498,0.0573986173,0.0000000000,0.0000000000,0.0237808712,0.0362187214,0.0357171558,0.0627395436,0.0736136809,0.0000011876,0.0577257127,0.0827979520,0.0232659299,0.0242826343,0.2229626924,0.0055050617,0.0972573385,0.2229811549,0.0220149662
23:20:05:26.602,61,0.2065622360,0.3625583947,0.1634078473,0.0000000000,0.0000000000,0.0325563215,0.0000000000,0.2065683305,0.3641727567,0.0000000000,0.0409209691,0.0000000000,0.0325558409,0.0000000000,0.0213304926,0.0000000000,0.0158694498,0.0296832472,0.0325423665,0.0189022440,0.0504131392,0.0000000000,0.0063612964,0.0790755525,0.1072421148,0.0000000000,0.0000000000,0.0326175727,0.0346133932,0.0522402152,0.0580587573,0.0342757851,0.0236208756,0.1091347858,0.0717095509,0.0584288649,0.0564266182,0.0307157859,0.0298915431,0.0242310334,0.0262446217,0.0004089880,0.0003978838,0.0559256859,0.0000000000,0.0000000000,0.0234326199,0.0353041030,0.0348203182,0.0619289242,0.0727306902,0.0000013405,0.0597255416,0.0888643712,0.0255064834,0.0243810862,0.2225277275,0.0055162283,0.0973742083,0.2225461751,0.0219968874
23:20:05:27.603,61,0.2080886364,0.3680325150,0.1647974402,0.0000000000,0.0000000000,0.0315063931,0.0000000000,0.2080919743,0.3696928918,0.0000000000,0.0422953442,0.0000000000,0.0315057486,0.0000000000,0.0205754079,0.0000000000,0.0151456520,0.0287910104,0.0314591117,0.0182207506,0.0494039804,0.0000000000,0.0063265422,0.0784878880,0.1059890166,0.0000000000,0.0000000000,0.0316429846,0.0335957259,0.0503756329,0.0557122007,0.0333492160,0.0228830278,0.1083439887,0.0715125427,0.0575200841,0.0555226132,0.0296653342,0.0288415048,0.0236111581,0.0255883653,0.0000647972,0.0000523757,0.0543256588,0.0000000000,0.0000000000,0.0230425820,0.0344144553,0.0338840410,0.0612134375,0.0719282776,0.0000014389,0.0627555326,0.0918449089,0.0278375950,0.0251805708,0.2259054184,0.0057865339,0.0981273875,0.2259238511,0.0225143842
23:20:05:28.603,61,0.2106094062,0.3757537603,0.1647853553,0.0000000000,0.0000000000,0.0306058843,0.0000000000,0.2106172889,0.3774470091,0.0000000000,0.0422795154,0.0000000000,0.0306050926,0.0000000000,0.0199250057,0.0000000000,0.0147518953,0.0280671734,0.0307108890,0.0176695138,0.0487597622,0.0000000000,0.0064276429,0.0778840110,0.1038046181,0.0000000000,0.0000000000,0.0308707226,0.0328123122,0.0494162068,0.0546645485,0.0326383710,0.0222046375,0.1079663336,0.0714563429,0.0568554550,0.0548464581,0.0288655479,0.0280509628,0.0231230855,0.0250804294,0.0001295940,0.0001168279,0.0533171408,0.0000000000,0.0000000000,0.0227028150,0.0336874425,0.0331463888,0.0607368425,0.0714095160,0.0000014217,0.0627555326,0.0918449089,0.0278375950,0.0251434650,0.2306434959,0.0059035541,0.0980129242,0.2306618690,0.0229766387
23:20:05:29.603,61,0.2117474526,0.3743217885,0.1647297889,0.0000000000,0.0000000000,0.0297758039,0.0000000000,0.2117561996,0.3760078251,0.0000000000,0.0422616042,0.0000000000,0.0297749545,0.0000000000,0.0194716863,0.0000000000,0.0141218957,0.0274577010,0.0300588440,0.0171220340,0.0466876142,0.0000000000,0.0064764852,0.0780338123,0.1032908410,0.0000000000,0.0000000000,0.0306728054,0.0326731727,0.0489053167,0.0541310385,0.0322670341,0.0217314642,0.1076862589,0.0713468120,0.0563910194,0.0543851331,0.0283321515,0.0275111236,0.0226744264,0.0246240441,0.0000342978,0.0000217054,0.0526858196,0.0000000000,0.0000000000,0.0223698858,0.0330076180,0.0324698836,0.0604020916,0.0710465610,0.0000011496,0.0643157214,0.0948553234,0.0271484014,0.0251379889,0.2297640294,0.0058789500,0.0979999229,0.2297824174,0.0228828732
23:20:06:00.603,61,0.2123515606,0.3781534731,0.1661514342,0.0000000000,0.0000000000,0.0287420973,0.0000000000,0.2123619169,0.3798789978,0.0000000000,0.0438042954,0.0000000000,0.0287413541,0.0000000000,0.0189116243,0.0000000000,0.0134601286,0.0267717056,0.0292796530,0.0165213030,0.0457625613,0.0000000000,0.0063552186,0.0774406046,0.1004799679,0.0000000000,0.0000000000,0.0303850453,0.0324082561,0.0483086407,0.0534561202,0.0318487771,0.0211897995,0.1078556627,0.0716549307,0.0560604893,0.0540725887,0.0276668891,0.0268551782,0.0222470406,0.0241819788,0.0000667702,0.0000545527,0.0517528132,0.0000000000,0.0000000000,0.0220316853,0.0319876187,0.0315344371,0.0601003654,0.0706995204,0.0000015472,0.0648303330,0.0955893174,0.0252887905,0.0260411184,0.2321350276,0.0061552576,0.0987912491,0.2321534157,0.0233136322
23:20:06:01.603,61,0.2182444036,0.3870111406,0.1673510671,0.0000000000,0.0000000000,0.0279429983,0.0000000000,0.2183216065,0.3887938261,0.0000000000,0.0452569127,0.0000000000,0.0279423054,0.0000000000,0.0184150562,0.0000000000,0.0131078372,0.0261880532,0.0286993310,0.0160593037,0.0451868363,0.0000000000,0.0062431265,0.0779203549,0.1000179648,0.0000000000,0.0000000000,0.0302817076,0.0323411971,0.0479430184,0.0531031117,0.0315689370,0.0207016207,0.1082927659,0.0720639229,0.0560037568,0.0540055521,0.0272642076,0.0264613237,0.0220392495,0.0239758417,0.0004784209,0.0004669339,0.0510821268,0.0000000000,0.0000000000,0.0217344537,0.0312697254,0.0308441035,0.0601210631,0.0707472637,0.0000016288,0.0672521740,0.0981808454,0.0251148213,0.0268696379,0.2375880480,0.0065059261,0.0993758962,0.2376063615,0.0240227580
23:20:06:02.604,61,0.2201496065,0.3911672831,0.1669535637,0.0000000000,0.0000000000,0.0270446669,0.0000000000,0.2202403098,0.3929616511,0.0000000000,0.0447585322,0.0000000000,0.0270440616,0.0000000000,0.0180013627,0.0000000000,0.0127417017,0.0257008951,0.0282541700,0.0156693701,0.0447457843,0.0000000000,0.0063015777,0.0784105584,0.1001807451,0.0000000000,0.0000000000,0.0302404594,0.0323593765,0.0478500538,0.0530926399,0.0313976444,0.0202563219,0.1086776555,0.0723648220,0.0559116602,0.0539022423,0.0270115975,0.0262253135,0.0219106805,0.0238717850,0.0002477057,0.0002369969,0.0507516824,0.0000000000,0.0000000000,0.0214638729,0.0306489095,0.0302521624,0.0603247806,0.0710103735,0.0000016432,0.0698325783,0.0996845961,0.0250019711,0.0265572816,0.2401329577,0.0065018977,0.0990787372,0.2401513159,0.0242176987
23:20:06:03.603,61,0.2207769006,0.3892396688,0.1659449041,0.0000000000,0.0000000000,0.0262406711,0.0000000000,0.2208718210,0.3910086453,0.0000000000,0.0437095053,0.0000000000,0.0262401160,0.0000000000,0.0176115092,0.0000000000,0.0123296687,0.0252256338,0.0277963895,0.0152635947,0.0442539118,0.0000000000,0.0063212514,0.0787962899,0.1003452465,0.0000000000,0.0000000000,0.0301455371,0.0323131867,0.0476906486,0.0529993437,0.0311663523,0.0198442303,0.1087861434,0.0724831223,0.0557169653,0.0537090562,0.0266813245,0.0259032715,0.0216930974,0.0236655548,0.0000000000,0.0000000000,0.0504192971,0.0001198351,0.0001297598,0.0211933702,0.0300110523,0.0296401605,0.0602916069,0.0710029081,0.0000022935,0.0700285286,0.1011965573,0.0247591250,0.0259424094,0.2389355600,0.0063184882,0.0985085219,0.2389538288,0.0239541065
23:20:06:04.604,61,0.2207719088,0.3865032792,0.1649217904,0.0000000000,0.0000000000,0.0255654491,0.0000000000,0.2208653390,0.3882432282,0.0000000000,0.0426344685,0.0000000000,0.0255649183,0.0000000000,0.0172356945,0.0000000000,0.0118499864,0.0247643124,0.0273259822,0.0148749631,0.0437456779,0.0000000000,0.0064627402,0.0793743506,0.1008862779,0.0000000000,0.0000000000,0.0301512592,0.0323895700,0.0474074557,0.0527633131,0.0309333503,0.0195092596,0.1087587476,0.0724689290,0.0555541627,0.0535440668,0.0263221599,0.0255536661,0.0214228872,0.0234028772,0.0000000000,0.0000000000,0.0500256792,0.0000972222,0.0001064874,0.0209827740,0.0294453017,0.0290976074,0.0601869039,0.0709245652,0.0000032691,0.0712590441,0.1037413180,0.0258519463,0.0253147390,0.2372417599,0.0061202538,0.0979409590,0.2372601479,0.0236413125
23:20:06:05.604,61,0.2203804106,0.3880067170,0.1632405519,0.0000000000,0.0000000000,0.0247752182,0.0000000000,0.2204703391,0.3897244930,0.0000000000,0.0408983901,0.0000000000,0.0247747507,0.0000000000,0.0167531706,0.0000000000,0.0114066117,0.0242033899,0.0267326999,0.0144495340,0.0433759987,0.0000000000,0.0065678442,0.0797351226,0.1011584401,0.0000000000,0.0000000000,0.0299502145,0.0322181731,0.0468370877,0.0520949848,0.0304853078,0.0191151798,0.1085440218,0.0723463297,0.0552994832,0.0533046275,0.0257650875,0.0250084866,0.0210477952,0.0230170377,0.0000000000,0.0000000000,0.0491763838,0.0005928879,0.0006015846,0.0208144318,0.0287755411,0.0284513813,0.0598625615,0.0705775768,0.0000052330,0.0699275061,0.1042676643,0.0260085724,0.0242786128,0.2381406873,0.0058929124,0.0969211757,0.2381590158,0.0234880615
23:20:06:06.604,61,0.2186229974,0.3883668780,0.1635906249,0.0000000000,0.0000000000,0.0240326878,0.0000000000,0.2186788470,0.3900917768,0.0000000000,0.0413142741,0.0000000000,0.0240322538,0.0000000000,0.0162624214,0.0000000000,0.0110688787,0.0235889349,0.0260487478,0.0139746014,0.0429110490,0.0000000000,0.0066375672,0.0801329613,0.1012618169,0.0000000000,0.0000000000,0.0298451148,0.0321351066,0.0461392626,0.0512854420,0.0300311539,0.0187186021,0.1086863875,0.0725428015,0.0552027486,0.0532165132,0.0251233112,0.0243866965,0.0206583943,0.0226089526,0.0000000000,0.0000000000,0.0479550138,0.0010843389,0.0010924335,0.0206471644,0.0280793253,0.0277664959,0.0594631396,0.0701274574,0.0000106807,0.0673271492,0.1047888100,0.0259836726,0.0245241541,0.2383665890,0.0059583629,0.0971238092,0.2383849025,0.0235601813
23:20:06:07.604,61,0.2176740617,0.3883967102,0.1626622528,0.0000000000,0.0000000000,0.0233460087,0.0000000000,0.2177192867,0.3901059926,0.0000000000,0.0403418317,0.0000000000,0.0233455934,0.0000000000,0.0157453474,0.0000000000,0.0106450459,0.0229096618,0.0249266475,0.0134448344,0.0423832834,0.0000000000,0.0066589387,0.0777748153,0.0969237983,0.0000000000,0.0000000000,0.0295583550,0.0318436027,0.0439200811,0.0481855124,0.0294544529,0.0183258317,0.1085161567,0.0725888088,0.0549719743,0.0530221760,0.0238988996,0.0232598595,0.0201239455,0.0220376700,0.0000000000,0.0000000000,0.0460534655,0.0017022728,0.0017103166,0.0205121618,0.0271969922,0.0269015431,0.0582063757,0.0680051148,0.0000114461,0.0666856542,0.1030417234,0.0257261992,0.0239468683,0.2383718789,0.0058182706,0.0965723172,0.2383901924,0.0234274045
23:20:06:08.604,61,0.2176909149,0.3906795382,0.1617506891,0.0000000000,0.0000000000,0.0227164552,0.0000000000,0.2177289128,0.3923828304,0.0000000000,0.0393626653,0.0000000000,0.0227160584,0.0000000000,0.0152783785,0.0000000000,0.0101038618,0.0222963803,0.0241934750,0.0130658615,0.0421568975,0.0000000000,0.0066074003,0.0744585171,0.0940215066,0.0000000000,0.0000000000,0.0291507225,0.0314211473,0.0430237874,0.0470375083,0.0289056543,0.0179004632,0.1085203439,0.0726728961,0.0547283255,0.0528059416,0.0231485367,0.0225398559,0.0197130274,0.0215940736,0.0000000000,0.0000000000,0.0451042689,0.0025289117,0.0025382957,0.0204688460,0.0265374500,0.0262529999,0.0575959161,0.0671525225,0.0000103068,0.0659126565,0.1005501151,0.0251287948,0.0233577248,0.2397597134,0.0057094959,0.0959986299,0.2397780865,0.0234295726
23:20:06:09.604,61,0.2178921402,0.3915754855,0.1620505154,0.0000000000,0.0000000000,0.0221624710,0.0000000000,0.2179258317,0.3932876885,0.0000000000,0.0396651439,0.0000000000,0.0221620779,0.0000000000,0.0148354815,0.0000000000,0.0098470636,0.0217188373,0.0235562716,0.0127549432,0.0420976765,0.0000000000,0.0068304972,0.0689226314,0.0907632113,0.0000000000,0.0000000000,0.0286505483,0.0309008565,0.0423516035,0.0462809764,0.0283429585,0.0174671654,0.1085712463,0.0727772415,0.0544730946,0.0525720902,0.0224682037,0.0218925513,0.0193257257,0.0211895145,0.0000000000,0.0000000000,0.0444625281,0.0051500984,0.0051579233,0.0204825867,0.0259549469,0.0256832577,0.0570553057,0.0664947256,0.0000091649,0.0654402226,0.1010643691,0.0237913504,0.0235340297,0.2403136641,0.0057663987,0.0961636975,0.2403319627,0.0235260557
23:20:06:10.605,61,0.2176182419,0.3893687129,0.1616663784,0.0000000000,0.0000000000,0.0217051171,0.0000000000,0.2176496238,0.3910651207,0.0000000000,0.0392855182,0.0000000000,0.0217047222,0.0000000000,0.0144288763,0.0000000000,0.0096650878,0.0211991780,0.0229568891,0.0123942653,0.0418902189,0.0000000000,0.0069393092,0.0671860576,0.0893284082,0.0000000000,0.0000000000,0.0282798801,0.0305156130,0.0416281968,0.0455110110,0.0278758798,0.0171303619,0.1086383387,0.0729433522,0.0543713681,0.0524845347,0.0218196325,0.0212628879,0.0189165417,0.0207527168,0.0000000000,0.0000000000,0.0437008515,0.0060510263,0.0060583814,0.0204763617,0.0253947042,0.0251247138,0.0564686023,0.0658279955,0.0000046491,0.0656182319,0.1017600819,0.0222323462,0.0233165286,0.2389543504,0.0056795334,0.0959673375,0.2389726937,0.0233402345
23:20:06:11.605,61,0.2174855620,0.3894987404,0.1616857946,0.0000000000,0.0000000000,0.0212201830,0.0000000000,0.2175162137,0.3911962211,0.0000000000,0.0392801091,0.0000000000,0.0212197918,0.0000000000,0.0140518807,0.0000000000,0.0095513994,0.0207169242,0.0224073399,0.0120550673,0.0416646898,0.0000000000,0.0070615127,0.0662054047,0.0883931890,0.0000000000,0.0000000000,0.0279556513,0.0301786475,0.0410150625,0.0448982604,0.0274353363,0.0168331210,0.1086350828,0.0730236843,0.0542567149,0.0523875877,0.0212320592,0.0206888691,0.0185253061,0.0203366000,0.0000000000,0.0000000000,0.0430591293,0.0063837795,0.0063907136,0.0204728022,0.0248542987,0.0245835762,0.0559900776,0.0653219298,0.0000065926,0.0656477883,0.1013875306,0.0214085225,0.0233128630,0.2390344143,0.0056806183,0.0959770009,0.2390527278,0.0233507007
23:20:06:12.605,61,0.2172679156,0.3881911337,0.1634301096,0.0000000000,0.0000000000,0.0208252799,0.0000000000,0.2172968835,0.3899134099,0.0000000000,0.0409992076,0.0000000000,0.0208248608,0.0000000000,0.0138115417,0.0000000000,0.0094920192,0.0203424152,0.0219871700,0.0117687350,0.0414152741,0.0000000000,0.0071323756,0.0659654588,0.0879273042,0.0000000000,0.0000000000,0.0277517308,0.0299866907,0.0406298414,0.0445801988,0.0271813236,0.0165985115,0.1089457422,0.0733301267,0.0543518849,0.0524687506,0.0207979027,0.0202651918,0.0182538349,0.0200454555,0.0000000000,0.0000000000,0.0427207053,0.0067761862,0.0067837639,0.0204508025,0.0244378541,0.0241467077,0.0555952787,0.0649259016,0.0000068633,0.0658252612,0.1030683964,0.0201782435,0.0243377816,0.2382565141,0.0059102541,0.0970310569,0.2382748425,0.0235264711
23:20:06:13.605,61,0.2172467709,0.3876135349,0.1646973938,0.0000000000,0.0000000000,0.0205514934,0.0000000000,0.2172743827,0.3893550634,0.0000000000,0.0422795340,0.0000000000,0.0205510370,0.0000000000,0.0136499293,0.0000000000,0.0096372133,0.0200930052,0.0217519887,0.0116128149,0.0413728692,0.0000000000,0.0071912957,0.0661563501,0.0877611190,0.0000000000,0.0000000000,0.0275847241,0.0298338886,0.0405169912,0.0446044877,0.0270636547,0.0163869429,0.1094647944,0.0737510100,0.0545753203,0.0526629873,0.0205548517,0.0200327989,0.0181516763,0.0199364107,0.0000000000,0.0000000000,0.0425555333,0.0068845805,0.0068921410,0.0204767101,0.0241846256,0.0238714684,0.0554916114,0.0648627430,0.0000083963,0.0681426078,0.1049425304,0.0196714122,0.0250998698,0.2379198819,0.0060863332,0.0977916792,0.2379382551,0.0236754604
23:20:06:14.605,61,0.2177064419,0.3881818652,0.1679146588,0.0000000000,0.0000000000,0.0203683395,0.0000000000,0.2177357525,0.3899807632,0.0000000000,0.0455752276,0.0000000000,0.0203678571,0.0000000000,0.0135802235,0.0000000000,0.0100256139,0.0200065859,0.0217650458,0.0116392309,0.0415280275,0.0000000000,0.0072887405,0.0684384257,0.0880858526,0.0000000000,0.0000000000,0.0275021400,0.0297780000,0.0407004021,0.0450201705,0.0271263123,0.0162299257,0.1100791842,0.0741494000,0.0549203344,0.0529604964,0.0206036493,0.0200825017,0.0182490237,0.0200468451,0.0000000000,0.0000000000,0.0427572541,0.0072084791,0.0072154081,0.0205699373,0.0240699798,0.0237387139,0.0556537881,0.0651524290,0.0000080000,0.0687853172,0.1061790809,0.0199875850,0.0270538703,0.2383145988,0.0065713297,0.0996932313,0.2383329570,0.0241757128
23:20:06:15.605,61,0.2178767025,0.3871642649,0.1720134616,0.0000000000,0.0000000000,0.0201747939,0.0000000000,0.2179068029,0.3890285492,0.0000000000,0.0497678965,0.0000000000,0.0201742891,0.0000000000,0.0135160172,0.0000000000,0.0103506856,0.0199459232,0.0217840467,0.0116382604,0.0416338965,0.0000000000,0.0074429782,0.0720866844,0.0903999060,0.0000000000,0.0000000000,0.0275452044,0.0298653711,0.0408777818,0.0454275943,0.0272228643,0.0161229242,0.1106232852,0.0744764805,0.0552732535,0.0532629900,0.0206864011,0.0201627463,0.0183369797,0.0201548971,0.0000000000,0.0000000000,0.0430115089,0.0072353929,0.0072418032,0.0206239466,0.0239652582,0.0236160923,0.0557961874,0.0654484481,0.0000056959,0.0705393925,0.1087858677,0.0197971612,0.0295468010,0.2377497852,0.0071590021,0.1021416262,0.2377681136,0.0247062277
23:20:06:16.605,61,0.2204532325,0.3874194920,0.1729463339,0.0000000000,0.0000000000,0.0200144630,0.0000000000,0.2204696387,0.3893006146,0.0000000000,0.0507484525,0.0000000000,0.0200139098,0.0000000000,0.0135188429,0.0000000000,0.0106257945,0.0199983306,0.0219103172,0.0116798654,0.0417706408,0.0000000000,0.0076173549,0.0773650110,0.0943908915,0.0000000000,0.0000000000,0.0277650803,0.0301467218,0.0410693511,0.0458400175,0.0274283085,0.0161441993,0.1109150723,0.0745319501,0.0556936711,0.0536140427,0.0209134184,0.0203782618,0.0184155274,0.0202537756,0.0000000000,0.0000000000,0.0434014983,0.0070942314,0.0071002543,0.0207097456,0.0239251778,0.0235492364,0.0560081489,0.0658110976,0.0000057175,0.0728664473,0.1102985889,0.0201784857,0.0301277284,0.2379202694,0.0073051476,0.1026915982,0.2379386276,0.0248572249
23:20:06:17.606,61,0.2213263512,0.3875992894,0.1783908308,0.0000000000,0.0000000000,0.0198020041,0.0000000000,0.2213420570,0.3895741701,0.0000000000,0.0562755838,0.0000000000,0.0198014341,0.0000000000,0.0134660481,0.0000000000,0.0109284250,0.0199477989,0.0218998753,0.0116021940,0.0417289399,0.0000000000,0.0076986738,0.0794265643,0.0959359556,0.0000000000,0.0000000000,0.0279391576,0.0303635038,0.0410919338,0.0460269451,0.0274982452,0.0161207337,0.1109930649,0.0744936913,0.0559006296,0.0537850596,0.0210128948,0.0204648897,0.0183925536,0.0202404670,0.0000000000,0.0000000000,0.0435548685,0.0069798050,0.0069853598,0.0207112636,0.0237751026,0.0233737230,0.0560310781,0.0659489706,0.0000063385,0.0736678615,0.1098814979,0.0195135679,0.0334075913,0.2381127924,0.0081069162,0.1059208810,0.2381311059,0.0256572161
23:20:06:18.606,61,0.2221951783,0.3872307837,0.1773453206,0.0000000000,0.0000000000,0.0196664557,0.0000000000,0.2222108543,0.3891860545,0.0000000000,0.0552246869,0.0000000000,0.0196658485,0.0000000000,0.0133950775,0.0000000000,0.0111381412,0.0198938698,0.0218665618,0.0115484344,0.0417913571,0.0000000000,0.0077126524,0.0808322057,0.0970164686,0.0000000000,0.0000000000,0.0280592572,0.0305075664,0.0409891009,0.0460196659,0.0275477152,0.0161151364,0.1111431196,0.0745025650,0.0562174767,0.0540627576,0.0210386217,0.0204771012,0.0183460489,0.0201915279,0.0000000000,0.0000000000,0.0436331667,0.0068587493,0.0068639023,0.0207844824,0.0236712899,0.0232414324,0.0560374931,0.0660490692,0.0000067210,0.0763051957,0.1089831665,0.0181535054,0.0327856317,0.2378705293,0.0079476405,0.1053059846,0.2378888577,0.0254819393
23:20:06:19.606,61,0.2224220783,0.3852371871,0.1784633249,0.0000000000,0.0000000000,0.0195270032,0.0000000000,0.2224395722,0.3872019649,0.0000000000,0.0563591719,0.0000000000,0.0195263587,0.0000000000,0.0132728713,0.0000000000,0.0113875614,0.0197841022,0.0217355434,0.0114168515,0.0416844785,0.0000000000,0.0079057962,0.0818148032,0.0978696942,0.0000000000,0.0000000000,0.0281858388,0.0306659006,0.0407206267,0.0458382852,0.0274985805,0.0160984024,0.1111403182,0.0744449571,0.0563973598,0.0542119667,0.0209183954,0.0203546584,0.0182007328,0.0200466849,0.0000000000,0.0000000000,0.0435267314,0.0068169804,0.0068217376,0.0208073668,0.0235217027,0.0230719000,0.0559032038,0.0660143793,0.0000059802,0.0769690946,0.1075466424,0.0168422665,0.0334689394,0.2366632968,0.0080704605,0.1060008481,0.2366816252,0.0255142748
23:20:06:20.606,61,0.2229690254,0.3844999671,0.1792609543,0.0000000000,0.0000000000,0.0195629466,0.0000000000,0.2229917198,0.3864745498,0.0000000000,0.0571967252,0.0000000000,0.0195622481,0.0000000000,0.0132221431,0.0000000000,0.0117662894,0.0198179260,0.0217969492,0.0113979392,0.0416627526,0.0000000000,0.0081593841,0.0884896368,0.1049696058,0.0000000000,0.0000000000,0.0284892153,0.0310241338,0.0406556167,0.0459135026,0.0275604017,0.0161506571,0.1111576259,0.0743410513,0.0566853620,0.0544565283,0.0210204367,0.0204479378,0.0181669686,0.0200283602,0.0000000000,0.0000000000,0.0435141884,0.0061975098,0.0062015043,0.0208280105,0.0235204622,0.0230491757,0.0559568107,0.0662309304,0.0000065749,0.0774993449,0.1048816517,0.0152035924,0.0339699499,0.2362227887,0.0081753880,0.1064860299,0.2362410575,0.0255810544
23:20:06:21.606,61,0.2231342345,0.3828933239,0.1808906198,0.0000000000,0.0000000000,0.0195185170,0.0000000000,0.2231580615,0.3848874569,0.0000000000,0.0588738732,0.0000000000,0.0195177570,0.0000000000,0.0131443311,0.0000000000,0.0120442063,0.0197798144,0.0217456985,0.0113342162,0.0417246521,0.0000000000,0.0083515374,0.0904062539,0.1069074720,0.0000000000,0.0000000000,0.0286785308,0.0312543884,0.0404758640,0.0458269902,0.0276095755,0.0161439348,0.1116498411,0.0746490136,0.0571259968,0.0548413284,0.0209720656,0.0204014033,0.0181292910,0.0199984126,0.0000000000,0.0000000000,0.0434393920,0.0059940084,0.0059978291,0.0208731946,0.0234679133,0.0229662806,0.0559449680,0.0663321912,0.0000036683,0.0786326379,0.1025811061,0.0144542931,0.0349741429,0.2352609634,0.0083813844,0.1074791700,0.2352792770,0.0257095564
23:20:06:22.606,61,0.2229348421,0.3800721169,0.1817594022,0.0000000000,0.0000000000,0.0195519179,0.0000000000,0.2229602486,0.3820663095,0.0000000000,0.0598362572,0.0000000000,0.0195510983,0.0000000000,0.0130863022,0.0000000000,0.0123708704,0.0197177567,0.0216620993,0.0112507362,0.0417473055,0.0000000000,0.0085875690,0.0913725048,0.1078681052,0.0000000000,0.0000000000,0.0288824923,0.0315025039,0.0403221697,0.0457883254,0.0276746154,0.0161122847,0.1130699813,0.0752019584,0.0576163419,0.0552735962,0.0209080018,0.0203505810,0.0181185082,0.0200020336,0.0000000000,0.0000000000,0.0433831885,0.0057367929,0.0057402896,0.0208651759,0.0234404802,0.0229174942,0.0558460727,0.0663168132,0.0000028883,0.0789118111,0.1011522785,0.0141413817,0.0355604626,0.2335414290,0.0084572118,0.1080396175,0.2335597277,0.0256471783
23:20:06:23.606,61,0.2230422795,0.3794434667,0.1821625233,0.0000000000,0.0000000000,0.0195950288,0.0000000000,0.2230696082,0.3814412355,0.0000000000,0.0602528863,0.0000000000,0.0195941441,0.0000000000,0.0130749596,0.0000000000,0.0128689781,0.0197583772,0.0217176527,0.0112629803,0.0418861546,0.0000000000,0.0087909801,0.0923604593,0.1086795256,0.0000000000,0.0000000000,0.0291954670,0.0318624042,0.0403005257,0.0459273048,0.0278476458,0.0161417276,0.1139191017,0.0756498650,0.0581946932,0.0557797514,0.0210204553,0.0204718970,0.0181941353,0.0200952571,0.0000000000,0.0000000000,0.0435839146,0.0056606806,0.0056636133,0.0209103376,0.0234810002,0.0229307171,0.0558930971,0.0664528981,0.0000027029,0.0799301937,0.0996389985,0.0139002372,0.0358113050,0.2331614643,0.0085024694,0.1082890332,0.2331798077,0.0256627761
23:20:06:24.607,61,0.2232995629,0.3798960149,0.1827855408,0.0000000000,0.0000000000,0.0195303913,0.0000000000,0.2233265191,0.3819060326,0.0000000000,0.0609270558,0.0000000000,0.0195294768,0.0000000000,0.0129354773,0.0000000000,0.0132888025,0.0196183771,0.0215525888,0.0111704990,0.0420540459,0.0000000000,0.0088105751,0.0925049782,0.1079718694,0.0000000000,0.0000000000,0.0292228535,0.0318815261,0.0399750173,0.0456545353,0.0278108642,0.0160485804,0.1150013357,0.0763030499,0.0586943366,0.0562106781,0.0208383072,0.0203072969,0.0181635618,0.0200564023,0.0000000000,0.0000000000,0.0434016138,0.0058082268,0.0058108307,0.0209509041,0.0233764295,0.0227972846,0.0557737648,0.0663337186,0.0000019332,0.0802372470,0.0985462144,0.0139192259,0.0362095423,0.2334489971,0.0086079715,0.1086522043,0.2334673405,0.0257813819
23:20:06:25.607,61,0.2236766070,0.3819715977,0.1845631897,0.0000000000,0.0000000000,0.0194559935,0.0000000000,0.2237029821,0.3840215504,0.0000000000,0.0627643317,0.0000000000,0.0194550771,0.0000000000,0.0127666472,0.0000000000,0.0134826591,0.0194120221,0.0212820210,0.0109976539,0.0420713834,0.0000000000,0.0087476969,0.0923543945,0.1073362157,0.0000000000,0.0000000000,0.0292614084,0.0319076292,0.0395361930,0.0452142805,0.0277116876,0.0159386862,0.1162069514,0.0771712065,0.0591157675,0.0565797761,0.0205467548,0.0200293977,0.0180568025,0.0199320540,0.0000000000,0.0000000000,0.0430610068,0.0058825822,0.0058849133,0.0209388006,0.0232419856,0.0226407666,0.0555589125,0.0660962611,0.0000021210,0.0801045671,0.0974459499,0.0122977821,0.0372899435,0.2347516865,0.0089160036,0.1096755415,0.2347700000,0.0261737164
23:20:06:26.607,61,0.2234822959,0.3809511960,0.1844346523,0.0000000000,0.0000000000,0.0194203593,0.0000000000,0.2235084474,0.3829936683,0.0000000000,0.0626623556,0.0000000000,0.0194194485,0.0000000000,0.0125627005,0.0000000000,0.0134073747,0.0191682205,0.0209677275,0.0107913632,0.0419340134,0.0000000000,0.0088008475,0.0900164768,0.1064923629,0.0000000000,0.0000000000,0.0292189866,0.0318552889,0.0390992500,0.0447315164,0.0274960846,0.0157909375,0.1168260127,0.0777578130,0.0592252463,0.0566865988,0.0201853868,0.0196815114,0.0178833939,0.0197495986,0.0000000000,0.0000000000,0.0425044261,0.0055342689,0.0055363607,0.0208632089,0.0230768286,0.0224781688,0.0552187003,0.0657375753,0.0000031667,0.0798046291,0.0966301039,0.0107003814,0.0372349359,0.2341228276,0.0088781156,0.1096154675,0.2341411412,0.0260867756
23:20:06:27.607,61,0.2227026969,0.3798519969,0.1846591234,0.0000000000,0.0000000000,0.0193157792,0.0000000000,0.2227220833,0.3818925917,0.0000000000,0.0628940314,0.0000000000,0.0193148702,0.0000000000,0.0123033104,0.0000000000,0.0132515607,0.0188241303,0.0205389075,0.0105458098,0.0419163294,0.0000000000,0.0089447387,0.0773062259,0.0979213119,0.0000000000,0.0000000000,0.0289803091,0.0315864235,0.0385483839,0.0440879837,0.0270518083,0.0155638913,0.1171669066,0.0781885982,0.0591723882,0.0566572584,0.0196874663,0.0192061681,0.0175610706,0.0194094665,0.0000000000,0.0000000000,0.0417711139,0.0059735109,0.0059758294,0.0208397657,0.0227905978,0.0222012922,0.0542809889,0.0641987175,0.0000035520,0.0788483247,0.0956283361,0.0078646522,0.0373785831,0.2334509939,0.0088858213,0.1097663492,0.2334693372,0.0260448065
23:20:06:28.607,61,0.2220481187,0.3797996342,0.1845756322,0.0000000000,0.0000000000,0.0192313530,0.0000000000,0.2220669389,0.3818386495,0.0000000000,0.0627990440,0.0000000000,0.0192304421,0.0000000000,0.0120536108,0.0000000000,0.0132514387,0.0184954666,0.0201119054,0.0102921827,0.0418972522,0.0000000000,0.0092962841,0.0736707747,0.0954282656,0.0000000000,0.0000000000,0.0288114939,0.0313986167,0.0379422978,0.0434103608,0.0266286861,0.0153792873,0.1174593270,0.0785977319,0.0592275374,0.0567339100,0.0191806946,0.0187301990,0.0172293279,0.0190694202,0.0000000000,0.0000000000,0.0410304293,0.0060421196,0.0060442528,0.0208515693,0.0225090384,0.0219332576,0.0536291264,0.0633892193,0.0000037603,0.0779108554,0.0943812057,0.0043942174,0.0373224281,0.2334175408,0.0088711586,0.1097175628,0.2334358692,0.0260294154
